main_iter,subject_id,real_accuracy_final_test,synthetic_only_test_acc,best_synth_gan_run,best_synth_batch_idx,best_mixed_test_acc,best_mix_ratio,best_synth_val_score,log,notes
1,1,0.9210526315789473,0.5263157894736842,3,8,0.7631578947368421,100,0.7,,
1,2,0.6111111111111112,0.5277777777777778,1,1,0.5,200,0.5,,
1,3,0.9459459459459459,0.7567567567567568,3,3,0.972972972972973,25,0.85,,
1,4,0.4482758620689655,0.5862068965517241,1,1,0.7241379310344827,100,0.5,,
1,5,0.6551724137931035,0.4482758620689655,1,1,0.48275862068965514,100,0.5,,
1,6,0.6923076923076923,0.5384615384615384,1,1,0.6153846153846154,200,0.5,,
1,7,0.7878787878787878,0.5151515151515151,1,1,0.5454545454545454,200,0.5,,
1,8,0.96875,0.8125,3,4,1.0,50,0.9,,
1,9,1.0,0.875,2,2,1.0,50,0.9,,
