main_iter,subject_id,real_accuracy_final_test,synthetic_only_test_acc,best_synth_gan_run,best_synth_batch_idx,best_mixed_test_acc,best_mix_ratio,best_synth_val_score,log,notes
1,1,0.7796610169491526,0.5,1,1,0.6949152542372882,25,0.5,,
1,2,0.5431034482758621,0.49137931034482757,1,1,0.5948275862068966,100,0.5,,
1,3,0.9145299145299145,0.5042735042735043,2,9,0.923076923076923,25,0.55,,
1,4,0.6055045871559633,0.47706422018348627,1,1,0.5688073394495413,25,0.5,,
1,5,0.7614678899082569,0.4495412844036697,1,1,0.6513761467889908,50,0.55,,
1,6,0.6881720430107527,0.5053763440860215,1,1,0.6559139784946236,25,0.5,,
1,7,0.6637168141592921,0.49557522123893805,1,1,0.5486725663716814,25,0.5,,
1,8,0.9910714285714286,0.6517857142857143,1,9,0.9821428571428571,25,0.85,,
1,9,0.8541666666666665,0.8020833333333335,2,16,0.9166666666666665,50,0.8,,
