main_iter,subject_id,real_accuracy_final_test,synthetic_only_test_acc,best_synth_gan_run,best_synth_batch_idx,best_mixed_test_acc,best_mix_ratio,best_synth_val_score,log,notes
1,1,0.9137931034482759,0.5,1,1,0.8793103448275862,25,0.5,,
1,2,0.44642857142857145,0.5,2,10,0.5535714285714286,50,0.6,,
1,3,0.9122807017543859,0.5789473684210527,3,1,0.9473684210526315,100,0.75,,
1,4,0.6938775510204082,0.4897959183673469,1,4,0.5102040816326531,50,0.55,,
1,5,0.7551020408163265,0.5510204081632653,1,14,0.5306122448979592,50,0.6,,
1,6,0.6060606060606061,0.45454545454545453,1,1,0.5757575757575758,25,0.75,,
1,7,0.6415094339622641,0.5094339622641509,1,1,0.6415094339622641,200,0.5,,
1,8,0.9423076923076923,0.8076923076923077,2,4,0.9807692307692306,50,0.95,,
1,9,0.8888888888888888,0.6388888888888888,1,1,1.0,25,0.5,,
