main_iter,subject_id,real_accuracy_final_test,synthetic_only_test_acc,best_synth_gan_run,best_synth_batch_idx,best_mixed_test_acc,best_mix_ratio,best_synth_val_score,log,notes
1,1,0.8333333333333335,0.5256410256410257,3,13,0.782051282051282,25,0.8,,
1,2,0.5394736842105263,0.5131578947368421,1,1,0.5921052631578947,200,0.5,,
1,3,0.922077922077922,0.6623376623376623,3,2,0.9090909090909091,25,0.9,,
1,4,0.6231884057971014,0.5362318840579711,1,1,0.5797101449275363,200,0.5,,
1,5,0.6521739130434783,0.5072463768115942,2,18,0.5362318840579711,25,0.65,,
1,6,0.6037735849056604,0.5849056603773585,2,2,0.6415094339622641,25,0.75,,
1,7,0.6301369863013698,0.4931506849315068,1,1,0.684931506849315,25,0.5,,
1,8,0.9305555555555556,0.8055555555555556,2,10,0.9722222222222221,25,0.65,,
1,9,0.9642857142857143,0.8571428571428571,2,14,0.9821428571428571,25,0.95,,
