main_iter,subject_id,real_accuracy_final_test,synthetic_only_test_acc,best_synth_gan_run,best_synth_batch_idx,best_mixed_test_acc,best_mix_ratio,best_synth_val_score,log,notes
1,1,0.9404761904761905,0.7619047619047619,2,5,0.8571428571428571,25,0.7,,
1,2,0.5714285714285714,0.5119047619047619,2,1,0.5,25,0.6,,
1,3,0.9404761904761905,0.7738095238095238,3,13,0.9642857142857143,25,0.85,,
1,4,0.7261904761904762,0.4880952380952381,1,3,0.5833333333333334,100,0.6,,
1,5,0.5595238095238095,0.5,1,1,0.5357142857142857,50,0.5,,
1,6,0.6309523809523809,0.5714285714285714,3,10,0.5952380952380952,200,0.6,,
1,7,0.6547619047619048,0.4761904761904761,1,3,0.5714285714285714,100,0.55,,
1,8,0.9166666666666665,0.75,1,11,0.9880952380952381,25,0.95,,
1,9,0.8690476190476191,0.8452380952380952,3,1,0.9404761904761905,100,0.8,,
